id,duration
25025981700,768.0
08031006804,640.0
09001074400,3584.0
25005644200,256.0
08031006809,256.0
20041084100,640.0
42077005301,640.0
47009011200,256.0
44007002000,896.0
09001050200,549.0
34017000200,24.0
09001080700,1281.0
36061008602,1152.0
36095740800,1408.0
08059980000,128.0
36061019000,384.0
06065043822,640.0
06037272301,1024.0
08031015400,1152.0
36081080301,640.0
09009142200,512.0
06037462202,384.0
10003012700,128.0
17027900602,256.0
36025970800,256.0
25017315401,768.0
25017315402,1024.0
36005050400,3561.0
09003430201,1664.0
20061000700,896.0
36005005002,2.0
08109977600,256.0
42077005302,256.0
21015070604,256.0
21015070606,256.0
36071014202,256.0
42101036700,1.0
20193953100,384.0
21117064900,768.0
36047036001,512.0
47093004404,1024.0
47093004403,1280.0
25027749100,1408.0
25015821602,256.0
25015821601,8.0
09009184600,1792.0
09007610100,1408.0
09011693500,256.0
42077001502,256.0
42077001402,896.0
09001061400,1369.0
34015500205,640.0
25013810100,1280.0
42069112100,384.0
06037207900,640.0
36081018800,256.0
08059009849,1920.0
36027220700,640.0
08059009845,1280.0
08059009843,1280.0
24025302400,384.0
36081005900,128.0
25017353600,1750.0
09001022000,640.0
36081055900,256.0
24510110200,640.0
25011040900,1547.0
36103147804,999.0
25013813000,1792.0
50017959000,601.0
24025301402,512.0
25017354900,2944.0
36081012602,512.0
24003751200,384.0
29095014004,512.0
36005008500,640.0
06037463900,1536.0
25027740200,587.0
36119001502,512.0
06037195600,1664.0
25017374500,2048.0
44007011500,1280.0
36081018600,384.0
24003740702,256.0
06037601401,256.0
20063955100,896.0
39013012400,384.0
36047016500,512.0
44005040302,512.0
36047077000,512.0
42025020200,256.0
44009050902,256.0
10003010702,256.0
44009050901,2048.0
36047008500,1.0
08013013601,1792.0
36061011203,2816.0
36061011202,1936.0
08059012033,256.0
08059012032,1536.0
42125755100,256.0
25027758101,2560.0
39061001600,640.0
33011001900,0.0
34017014800,675.0
36047048000,512.0
25017388100,870.0
25025140300,1536.0
21015070301,384.0
25005645103,256.0
25005645102,2432.0
24033804300,128.0
36061017700,1024.0
08005005700,384.0
25017350800,3379.0
39089758300,256.0
25009253100,384.0
29027070200,1536.0
36081048900,6.0
09011693300,2048.0
36061021600,2176.0
36001014201,256.0
21111010319,384.0
17191954900,512.0
25017384002,384.0
34003046100,128.0
25013812401,256.0
36081031700,256.0
36081090700,2688.0
06065043813,896.0
08031006812,256.0
36119011000,384.0
36061000600,2449.0
34017007700,3156.0
39119911300,640.0
36081071900,128.0
36061023600,384.0
06037211000,384.0
36047027300,278.0
20195955800,1536.0
36061029700,228.0
36047043300,1280.0
34035052904,256.0
44007002102,364.0
36081006202,128.0
25023510700,128.0
36047017100,640.0
42127960100,256.0
36119006600,1.0
36081043900,3285.0
36005001900,2432.0
42069111400,256.0
25025091001,131.0
39061005000,256.0
36047079602,128.0
08047013800,3584.0
06037143300,39.0
36061023300,1024.0
08005081000,3200.0
09005362101,914.0
09007590100,512.0
09009142300,384.0
08001009308,256.0
36061018400,384.0
06037269800,384.0
36081029900,128.0
42101009000,205.0
36085032300,93.0
42041011801,896.0
36047041300,128.0
34003036100,384.0
09009171700,512.0
36005005100,896.0
36083052502,384.0
23019028000,512.0
09011690800,1792.0
36059406202,128.0
06037540700,1024.0
42057960200,1280.0
36061020600,128.0
25027737100,1408.0
29189218012,256.0
36081026300,119.0
36061016800,256.0
09009184700,2816.0
44001030300,384.0
25015821904,896.0
24015030506,128.0
09001061500,1536.0
36001014607,384.0
06037504102,256.0
06037700802,256.0
06037700801,1152.0
25027761300,384.0
08031000201,1408.0
36047004500,2048.0
36047040300,512.0
42003519000,256.0
39059978000,256.0
36005035600,2176.0
36081003300,877.0
23019007200,256.0
09003524100,384.0
36071013100,3584.0
09001061600,1280.0
18123952200,512.0
09001020500,640.0
36059304100,128.0
36119010500,128.0
44007014200,896.0
08013012701,640.0
06037532302,384.0
36061015500,1536.0
06037532304,384.0
36047029300,640.0
42101989100,163.0
25013810602,640.0
06037208801,640.0
25025010500,512.0
06065042206,384.0
44007000500,1536.0
34003033200,512.0
09009150900,1408.0
20051072702,384.0
36005027401,768.0
44007011200,1408.0
25025061200,512.0
06037192620,256.0
36081014700,1257.0
36047016200,164.0
36111952100,256.0
21103090301,384.0
33011200400,14.0
44009050802,384.0
44009050801,1152.0
09001230100,640.0
42041011803,768.0
36047025500,256.0
36061020701,896.0
29183312400,256.0
42003090300,1024.0
06037430600,384.0
42003020100,384.0
36061019800,641.0
34025800200,768.0
36111950400,384.0
44003022400,896.0
23019026500,2304.0
36081087100,256.0
24033804200,256.0
44007013202,256.0
25017351500,640.0
36047049800,384.0
36081029700,1920.0
39097041300,256.0
42101000500,339.0
36081009900,384.0
42101019501,128.0
08051963900,512.0
36047050700,2048.0
18061060200,384.0
36047056400,512.0
33009961100,965.0
36087011102,256.0
09009351900,256.0
06059062610,1280.0
06037210010,256.0
06037214000,256.0
36061014601,384.0
44007017100,512.0
25017337202,256.0
34019011001,384.0
42129802301,256.0
34017001701,196.0
08059012058,384.0
36081020500,768.0
25017367100,384.0
42003060500,384.0
25005653304,512.0
34017004000,547.0
36047052700,2560.0
09001245200,260.0
36103124602,512.0
09001070300,896.0
08073961700,2304.0
06037221220,256.0
34005700303,101.0
08013060700,768.0
20041084300,256.0
36027070101,3200.0
34003051400,768.0
09011705400,3584.0
36071013800,256.0
25023510600,768.0
36081074500,270.0
36061007200,970.0
36119006500,2259.0
42101012500,312.0
42101029300,87.0
09009350500,384.0
36047062000,896.0
06037262706,1152.0
25005631400,256.0
06037262704,1152.0
36081081400,456.0
36027060202,256.0
36027060201,3.0
10003015600,512.0
34003027000,256.0
36005029302,1269.0
33003955100,76.0
36111954900,896.0
06037980010,256.0
36081107202,768.0
36081107201,896.0
42041011902,256.0
36103159106,3507.0
06037980018,384.0
08031001500,256.0
09003430400,128.0
17189950200,896.0
44007010900,1920.0
36005005200,0.0
09007550202,768.0
24510200800,256.0
09003496300,384.0
06037218800,1024.0
39059977800,256.0
42101036900,566.0
06037185202,384.0
24025301602,128.0
09009140100,640.0
09003420700,128.0
06037185310,2432.0
09009344100,256.0
08015000401,2688.0
08059009846,640.0
42103950104,256.0
36061010601,256.0
25017318400,100.0
09011696200,256.0
36111952700,1152.0
06037460900,384.0
36005006300,384.0
36021000800,256.0
34017017400,26.0
29095019300,512.0
25021418003,512.0
29053950500,3200.0
06037620602,256.0
08031000102,1024.0
36119014604,1152.0
36119014605,256.0
36119005200,2.0
06059062612,256.0
44007013900,1408.0
36081022900,257.0
25005631800,640.0
34017013400,3046.0
44005041000,256.0
25013813601,256.0
34023008403,82.0
34007610800,0.0
08014031100,896.0
08001008309,2048.0
36005019400,2408.0
42077005401,256.0
44003020903,1280.0
36119010600,512.0
18043070500,384.0
36061010602,896.0
44003020904,2356.0
36005002800,656.0
36005008300,256.0
10003014000,256.0
34023002604,87.0
34023002603,219.0
42095018002,384.0
44009051502,3456.0
09001044000,256.0
08069001903,640.0
36071010801,384.0
06059075004,256.0
18043071104,256.0
36077590600,896.0
17189950100,640.0
42003458000,256.0
36005021800,640.0
44001030500,256.0
42079217500,256.0
08059011550,896.0
06037187300,2304.0
34039031700,162.0
42003981200,384.0
36081025302,512.0
36103147100,256.0
09009154700,2560.0
25005651100,128.0
09001010900,896.0
36081020800,2816.0
09011716102,3584.0
39089758600,640.0
36081011700,640.0
06037700300,256.0
06037191410,384.0
36001002000,256.0
08043979000,3072.0
36119008100,39.0
36061019701,386.0
25005611101,256.0
44007001800,0.0
36071010200,768.0
25021400500,350.0
23019027000,896.0
36087013200,640.0
42101017800,898.0
44007013300,256.0
09003496400,128.0
36081094500,1607.0
24031705502,1280.0
06037404401,384.0
27053103700,896.0
36081024300,1009.0
36047050000,128.0
06037291130,256.0
36061028700,256.0
36071014900,2304.0
36071013900,1920.0
25023511702,128.0
25005646103,1152.0
25005646101,256.0
36119007200,640.0
36047039900,896.0
42101037600,475.0
34003032104,256.0
36047037500,256.0
23019031000,896.0
36061014700,512.0
09003416400,128.0
18173030100,1024.0
17193958200,1280.0
08001009501,256.0
06037217200,384.0
27053107600,384.0
36025970500,256.0
06037181500,768.0
25027742401,1280.0
25005653204,768.0
36119002403,128.0
36081101001,128.0
36081004200,256.0
36081010500,242.0
06037216300,256.0
36119012303,1024.0
44007002700,1408.0
06037980006,256.0
36111952200,512.0
27053108000,2816.0
36021001200,640.0
36047040700,2176.0
39035101800,384.0
36119010300,512.0
27053126000,384.0
36081043701,454.0
42069111100,256.0
06037262604,384.0
34017018302,1792.0
34017018301,384.0
25009254200,384.0
06037192520,2522.0
09015904100,384.0
36119014808,512.0
09013533101,128.0
09013533102,128.0
18163010600,1280.0
36047041100,512.0
36061019400,384.0
09009150700,512.0
08031011902,256.0
36005005300,512.0
36081037100,2969.0
36047026500,1573.0
42077006304,384.0
36027170000,128.0
06083000900,2227.0
36047035601,256.0
09009190301,1664.0
09009190302,640.0
24025301702,128.0
34003005000,640.0
25027737300,128.0
36047057900,2601.0
23019021500,2048.0
08013013702,2432.0
25017331102,1536.0
20167973800,256.0
39061010800,256.0
06059099601,512.0
36005006800,384.0
06037403321,384.0
06037195500,640.0
09015907100,256.0
25017350104,384.0
25005617101,256.0
36079010700,2048.0
39061004000,384.0
36119005300,2.0
06037701402,512.0
36081005400,512.0
42017100500,384.0
25025180200,1280.0
25025100800,256.0
25021413100,512.0
34003042302,256.0
34003042301,768.0
06071000603,512.0
50027965700,1291.0
25021410100,384.0
06037209300,896.0
36119010701,3020.0
25017353900,897.0
21111004900,256.0
36111952800,256.0
08031004106,2688.0
08031004104,896.0
08031004102,2816.0
34005702810,152.0
36081136700,128.0
06037191620,384.0
51013101402,859.0
42107001300,640.0
36087012106,384.0
36071010102,128.0
06111002300,1067.0
36093033500,384.0
09003511300,128.0
09009142400,1408.0
06037552301,384.0
42079217400,384.0
36119004300,254.0
36027220300,256.0
36047119800,128.0
25005651002,2816.0
44007012401,1152.0
42111020900,256.0
34023001409,350.0
33009961700,3235.0
42101015200,128.0
34005701303,1.0
29189220441,640.0
34039035800,3436.0
09001210300,1888.0
36095740200,640.0
36119008000,1386.0
08031006901,640.0
36061019600,1479.0
09001071000,256.0
39061026600,256.0
08031003001,256.0
25005642100,896.0
20181453700,512.0
06037276100,384.0
36005037900,384.0
08059010403,1024.0
36005021001,896.0
06071000401,384.0
36081094202,384.0
36081094203,128.0
44007012801,384.0
36039080501,1536.0
36081023500,256.0
29095016100,640.0
42101015300,464.0
36119007300,2432.0
36061008800,1339.0
44003020901,768.0
36061006400,2688.0
36061018900,384.0
11001008702,1024.0
36047031300,512.0
23019031100,640.0
25027731300,759.0
36047013300,1792.0
09003416500,256.0
25009254301,2560.0
06037700101,640.0
06037401202,384.0
42079210300,256.0
36119002300,128.0
06037211500,256.0
08031000903,512.0
33019975100,15.0
09001074000,1536.0
09011690300,640.0
36087011902,384.0
36087011901,256.0
47009010600,1024.0
36061013400,768.0
09001021400,2048.0
21077960101,256.0
21077960102,384.0
09001010101,3513.0
36081074700,1.0
36061004800,256.0
09009140300,384.0
36021001300,1920.0
44003020102,512.0
44003020101,1408.0
42009960600,256.0
36047062200,128.0
09001050400,1829.0
21185030401,256.0
29183310700,384.0
09003476300,563.0
42003521401,384.0
42079980100,640.0
24003751400,256.0
08059012037,640.0
36081140902,256.0
39013011400,256.0
06037212620,384.0
25005655100,512.0
08059012034,384.0
25025051200,384.0
29019001803,512.0
36111950300,128.0
06037191201,384.0
09003430602,128.0
36047037300,384.0
09003430601,1024.0
09009150600,2592.0
09001043600,1152.0
18157010100,166.0
21041950100,640.0
25017351403,384.0
06037543903,384.0
42077006204,256.0
34023008602,235.0
09001020200,384.0
36027090000,384.0
21117064200,1024.0
25025990101,256.0
36059304202,512.0
09011703000,1686.0
25021415102,256.0
36081030902,1482.0
42103950301,256.0
25027758102,1664.0
36047004700,239.0
36047027700,384.0
36021000300,768.0
25005652100,1152.0
36081038302,2131.0
36081038301,256.0
36047041900,384.0
36061021000,1152.0
09011707100,1792.0
06111005306,1108.0
09001030500,1157.0
25015820500,256.0
44007012300,1280.0
25025140102,640.0
21015070503,384.0
08005081200,384.0
09003524600,256.0
36005003300,256.0
34005700407,142.0
20041084400,256.0
36061010000,1408.0
08001008100,3328.0
47009011102,256.0
42125741300,384.0
42129808600,512.0
08031004006,2944.0
25021416400,640.0
08059015800,512.0
25021420302,128.0
34021000600,1719.0
36025971100,2048.0
34039039800,256.0
09009352701,128.0
09011870200,1024.0
09009142500,768.0
39061005500,384.0
25021403500,1024.0
36081025100,232.0
06037190901,256.0
36061022000,640.0
36047050202,1280.0
36061021200,1280.0
36119013700,10.0
08005007301,512.0
36061028500,1.0
34023001506,384.0
33009961400,200.0
36047042100,384.0
09011714104,256.0
34005701201,2.0
36025970600,1280.0
09007610200,1030.0
36087013100,128.0
06037430901,1024.0
06037430902,384.0
42045402700,128.0
42003469000,256.0
54069002200,640.0
08031002403,1509.0
08031002402,256.0
25005642000,1408.0
25017356601,640.0
08059010503,768.0
06065040303,512.0
06037224410,512.0
09003496600,128.0
06037219902,640.0
42079211800,768.0
36081028700,384.0
08031000800,768.0
09001022300,2688.0
09009348122,259.0
36119013900,768.0
09013890201,256.0
36057070900,896.0
36047017500,384.0
36119007401,88.0
36071013700,384.0
06037500300,512.0
42107003900,384.0
25017358600,384.0
36061000202,2688.0
36061000201,256.0
25023525101,384.0
25015821300,896.0
25009254403,1024.0
36079011700,256.0
06037700600,512.0
42129804900,256.0
36081051500,308.0
39097041200,1664.0
09001060700,2391.0
09001043800,512.0
36119002202,384.0
36081103201,256.0
09009194202,3405.0
36047040500,384.0
36061031704,512.0
36059520402,128.0
09001021500,1664.0
36111954100,1152.0
36027200001,2304.0
42069110600,384.0
36021001000,1024.0
42041012800,384.0
09001011300,3072.0
09003504900,128.0
36061021500,896.0
36081021900,128.0
08001015000,256.0
06037212502,256.0
36005007800,896.0
25017374800,2048.0
44007011800,1280.0
08001007900,256.0
17163504303,256.0
17163504302,1024.0
06037480703,256.0
09009180400,1408.0
09001043700,384.0
25021414200,384.0
06037207102,384.0
09005262100,2176.0
25015820203,256.0
25015820204,896.0
34003042500,512.0
36047050900,2560.0
36047032700,1408.0
10003010104,512.0
39027964400,640.0
34003020100,1280.0
42111021300,256.0
42069111800,256.0
36061018000,1024.0
34021002100,593.0
06059075515,640.0
09003502400,173.0
36061011700,3588.0
06037460302,384.0
06037460301,3200.0
25021420202,128.0
36061014000,384.0
36071011701,256.0
09007541401,128.0
09015907300,256.0
36119003400,256.0
36047020700,3072.0
36119014100,896.0
34005702906,241.0
34005702905,59.0
24033803602,256.0
09001030200,2048.0
36081016300,384.0
09013530302,768.0
54069001901,256.0
34005700502,275.0
09003520202,256.0
06037551900,512.0
20197483200,1536.0
09001074300,1686.0
08059011724,256.0
36005011000,1152.0
06059063903,384.0
25017382100,768.0
34017019800,640.0
06037310703,229.0
36005030200,1152.0
06037214700,1920.0
34003044202,1536.0
36047007500,512.0
36061015601,256.0
34017007800,896.0
06037199400,256.0
36061015602,384.0
44007016300,640.0
25025081300,256.0
09009142604,1152.0
09009142603,2944.0
09011696100,256.0
47093007100,640.0
36005018400,896.0
09009343200,384.0
36061021303,941.0
36119013600,640.0
36027070201,1664.0
33009961500,174.0
36061010800,256.0
06037224420,384.0
25005630400,256.0
25017333400,512.0
44001030200,256.0
06037204700,256.0
09009184400,1024.0
36083052404,384.0
36119006300,1280.0
09007610300,1280.0
36081092200,896.0
36047060800,128.0
25013811900,1024.0
36081007100,835.0
39061025402,384.0
44007011302,256.0
36061003400,1459.0
29189221201,256.0
36027140602,384.0
29019001002,1536.0
25017352700,768.0
36087011700,1152.0
36005004200,768.0
09003510500,128.0
42017100209,109.0
36059407502,128.0
06037408202,512.0
21185030602,256.0
36061016700,1152.0
25025070402,1280.0
36027030000,640.0
36005024700,512.0
36081021600,896.0
25017354700,1.0
34003056100,256.0
36079011000,512.0
36087010101,256.0
09001010102,256.0
06037207502,640.0
36081009700,29.0
09001060600,1664.0
34039032001,35.0
36103122300,128.0
36027050205,384.0
44007010300,1152.0
25021414300,1536.0
06065043820,256.0
09003460100,128.0
44009050500,3328.0
36081017400,384.0
36061030300,3.0
36021001100,1280.0
09001081200,256.0
36047120800,0.0
20045000603,1792.0
42009961000,384.0
09003502500,3.0
34039035100,58.0
09011702300,1024.0
09001210800,384.0
34023002500,256.0
44007011902,256.0
44007011901,384.0
08031003603,512.0
44007001600,716.0
36047079801,1.0
36047115200,427.0
20051073000,256.0
36081161700,128.0
25013810414,640.0
36059409800,128.0
25027732902,0.0
06037403317,384.0
36081064102,256.0
34023006500,1872.0
25003934200,1024.0
06065030200,384.0
34017006900,111.0
36081024500,1.0
06037189600,515.0
36103146706,256.0
36047070202,640.0
36035970300,2944.0
34005702910,83.0
42111021200,384.0
06037311600,289.0
42103950502,256.0
42079214900,256.0
24005451600,256.0
36061021100,384.0
25005631700,1408.0
25005640600,128.0
34039034500,3248.0
25005610100,1152.0
34021004306,78.0
34021004307,128.0
36071011000,256.0
36059303500,128.0
25013811000,256.0
34041032300,896.0
33011014202,2462.0
36119014200,640.0
09003500900,0.0
25017367200,896.0
42101035200,74.0
36081025900,256.0
08031980100,640.0
47093007000,768.0
36087010602,512.0
36103147501,896.0
36061005900,1152.0
36081117100,1664.0
44009051101,1920.0
25027756101,1024.0
25027756102,1283.0
36119007000,1920.0
42125744200,256.0
09007610400,384.0
36047014500,540.0
36083052501,768.0
36047014100,990.0
36119008500,512.0
36005012300,1408.0
06037310601,2898.0
34023005200,327.0
36047006500,3575.0
39013010700,640.0
29107090601,2176.0
36001014401,512.0
08031005001,896.0
42003427000,256.0
09009142700,1664.0
24005430600,256.0
27053106000,512.0
25017333501,256.0
42017105801,37.0
25017366201,768.0
25017366202,256.0
36119013103,2686.0
36061022800,2304.0
51059482503,319.0
42101038300,512.0
36027070301,384.0
34005701001,305.0
36081026100,256.0
36021001800,512.0
24510150100,128.0
09009184500,2176.0
36119004100,384.0
36027060400,2512.0
08031002602,640.0
08031002601,2432.0
09009151100,384.0
29219820103,768.0
29219820102,256.0
25027761100,1024.0
08031001800,640.0
36081019900,1619.0
36047049400,2688.0
36119005902,384.0
09001073900,1025.0
06037502801,256.0
44007016700,256.0
47009010500,128.0
08031008388,640.0
06037300902,384.0
06037300901,2560.0
36087011601,384.0
42017100303,475.0
36047025700,1408.0
36047007000,154.0
39035123800,640.0
34021002903,131.0
25027736100,896.0
36021000200,1280.0
36005025600,1024.0
36047026300,512.0
36079011100,768.0
42079215200,256.0
06037700400,768.0
44007000101,1664.0
09001060500,181.0
34017016700,640.0
36119002000,896.0
39035101101,256.0
36059408500,128.0
25009253204,256.0
25009253203,256.0
20169001100,640.0
36061030700,2700.0
44009050402,2176.0
06065040607,256.0
47009011101,384.0
39061023800,256.0
25005614101,256.0
25005614102,1536.0
36027040003,1152.0
25025010103,512.0
36081029300,384.0
36093033102,1280.0
44003020603,1408.0
42107000900,256.0
36095740400,2048.0
44007001500,1664.0
36005011502,512.0
09009150300,3456.0
29183311907,384.0
09001030300,640.0
36081040500,384.0
36035970100,640.0
34017012800,1101.0
33011002400,23.0
36081152901,256.0
09001035300,256.0
36047012902,1280.0
25005631600,2560.0
06059110603,384.0
44007015600,896.0
36047060000,128.0
36047013500,1152.0
08001009401,384.0
20209044001,256.0
36119014901,768.0
06037215101,1792.0
27053012102,384.0
39165031100,512.0
47093002600,128.0
06037240200,256.0
36061002201,1408.0
36061002202,1152.0
09001044500,768.0
23019000400,256.0
25021412200,512.0
06037702801,640.0
06037702802,384.0
44007015900,384.0
36111952300,768.0
44007002200,0.0
09009184200,2432.0
47093004609,1920.0
36119006100,2188.0
08059009827,384.0
36087011200,256.0
25015822402,256.0
36071011801,640.0
36025971400,640.0
36061015400,896.0
09011870703,2944.0
09011870701,1280.0
09011870704,1920.0
09011696700,2349.0
42079217002,256.0
42079217001,896.0
25027751101,1920.0
25027751102,896.0
27053106900,128.0
36005006100,384.0
39059977100,256.0
36027070401,2048.0
44007015000,256.0
09009157100,1920.0
36103147300,1152.0
25015820700,384.0
36061016500,640.0
08093000500,896.0
36047030900,256.0
09001070900,1920.0
25005642500,768.0
36047039000,256.0
06037212204,384.0
36119014701,896.0
08093000300,768.0
44007010502,1280.0
36081047500,384.0
42043022502,512.0
06037701902,640.0
36081049900,384.0
09001073800,1536.0
47009010200,256.0
25017317201,177.0
25017317203,413.0
09001044100,2560.0
29189215102,384.0
08013012202,384.0
08013012203,384.0
06083000600,0.0
21117064400,256.0
08001008709,384.0
36119010200,128.0
36047004900,17.0
36071012602,1152.0
36081097203,384.0
36081097204,896.0
36081012400,1326.0
36047082000,1024.0
42079215503,512.0
06059063907,512.0
36061019500,640.0
27053008300,256.0
06037700501,640.0
44007000200,2271.0
06037267200,768.0
42003141400,256.0
36061023801,1408.0
09009167202,768.0
44001030902,2432.0
06037191302,2432.0
25021457100,512.0
50025968600,2701.0
09001050300,384.0
36061016100,384.0
09001257200,1024.0
42101980000,1471.0
09001080200,640.0
06037602801,256.0
36061018300,1536.0
25021411200,640.0
36119011400,128.0
36081050700,155.0
06037195803,512.0
25003914100,2304.0
06037195804,256.0
42045405300,256.0
36081092500,640.0
08031003402,2432.0
10003015200,256.0
36095740700,896.0
44007001400,1280.0
42101032500,1834.0
42101033102,64.0
36081049302,256.0
36093032601,896.0
36061029300,227.0
06037543306,256.0
44001030100,768.0
25017333600,640.0
36001014608,256.0
06037930101,2432.0
37119003903,640.0
18061060500,256.0
42101015800,317.0
36081096400,3072.0
42043020900,2.0
06083001000,250.0
34003016000,672.0
25003932200,1152.0
36059303700,128.0
09001211400,257.0
39059977700,384.0
24015030903,384.0
36059410000,128.0
34013007502,263.0
34017014600,256.0
27053012003,384.0
42069112800,256.0
36119012304,128.0
33019975800,767.0
06059099241,256.0
23019000500,256.0
25021412300,1024.0
06111005503,2222.0
36047048900,1280.0
09007600100,640.0
36081008800,384.0
36035971400,640.0
44007002300,2130.0
36005002702,1.0
36081083700,128.0
36005002701,1.0
09009184300,384.0
36005009600,1.0
36021001600,1664.0
36119006000,3200.0
21111007400,256.0
06037192300,256.0
09001044300,896.0
36079011900,1024.0
44007016000,512.0
20193953400,3456.0
36005043500,768.0
36111951500,512.0
06037224010,0.0
36081093900,384.0
36081029500,384.0
09009180200,1792.0
36119013301,384.0
36119013304,384.0
36047054500,2250.0
36119009800,256.0
42101038100,7.0
36081032000,934.0
44007015100,640.0
42041013000,512.0
39119912700,256.0
36047026100,1280.0
09009190100,1664.0
09003492100,514.0
06083000700,232.0
25025070300,896.0
36081066400,1536.0
09001011200,2688.0
39049009495,256.0
39035104100,896.0
20209042400,384.0
25003924100,512.0
11001006202,2048.0
29195090800,640.0
36111951600,384.0
42107002700,384.0
34005701102,192.0
36071010101,1280.0
44001030602,1280.0
25021419100,768.0
42003980700,1536.0
24031704404,128.0
21103090100,256.0
06037275102,256.0
06037190801,256.0
06037190802,640.0
36047053300,1024.0
06037207710,1536.0
23019028500,384.0
25021415200,640.0
34023001805,442.0
36047025100,384.0
06037125502,60.0
25021410300,896.0
06037602103,640.0
36005019300,256.0
36027150005,256.0
39061001100,512.0
36061017800,1.0
06037183702,256.0
44001030400,256.0
34017001900,1.0
25025020200,384.0
36111952500,1152.0
34027043301,896.0
25021400600,512.0
36039080900,1280.0
36047052900,897.0
36071010500,640.0
25025070700,640.0
36081046800,128.0
24025306100,128.0
36047027500,384.0
44005041400,1024.0
36081048400,128.0
44007012803,896.0
44007012802,512.0
36081017100,2304.0
09009154200,1280.0
25025100603,1024.0
36119007500,473.0
36005026400,256.0
06037211921,384.0
18061060400,384.0
36047015300,315.0
36005018900,384.0
36047008800,640.0
09001022100,1024.0
36047028502,2560.0
25017358700,256.0
06037195901,256.0
21117066900,384.0
08031003500,2304.0
09001042700,256.0
08031002100,896.0
42127960900,256.0
42079210100,256.0
36021002000,1920.0
08059010000,640.0
42127960200,2048.0
09009154600,2176.0
24003740305,640.0
17163502602,384.0
36059520900,128.0
42127961300,640.0
11001005301,1408.0
25009210100,2816.0
36119013800,640.0
36039080100,1152.0
36111953700,2048.0
36061020102,2432.0
25017352101,256.0
08059009807,256.0
36057070200,512.0
08059009808,512.0
09007630100,384.0
08059011731,384.0
08059011732,256.0
25021416102,256.0
25025110403,384.0
34021003202,1213.0
36061006800,384.0
06037461902,2304.0
06037461901,256.0
25021413500,640.0
25017339700,256.0
36119000702,1024.0
36081026700,384.0
20053086700,2816.0
08031001101,256.0
34013007400,256.0
42075002100,256.0
36047032500,128.0
08059011601,128.0
36103122901,512.0
24510140100,512.0
09011714103,256.0
36061002000,1152.0
34003012001,3328.0
25013810412,768.0
25025090700,512.0
09015830100,256.0
09001021600,512.0
24025302802,128.0
39119912800,384.0
25017353500,1.0
06037206010,256.0
25017332400,640.0
25013812800,640.0
36093021001,2048.0
08059012027,1024.0
36021001700,512.0
08031005002,640.0
36047022100,128.0
06037461000,640.0
36001014301,1280.0
09001073700,640.0
20051072800,256.0
25017373800,896.0
36093033101,256.0
36081093800,256.0
36061017900,384.0
09009180300,384.0
36071012601,256.0
08005080600,256.0
37119004000,896.0
09001021801,1152.0
09001021802,768.0
25021410400,384.0
34005700605,0.0
17031980000,640.0
34005700603,1.0
36081012500,512.0
06083000400,0.0
09011702900,384.0
09001011100,2432.0
36119006802,640.0
42101029800,1084.0
27123037602,1152.0
06037191810,256.0
39035124500,384.0
20051072600,512.0
44007010702,1280.0
39013012200,256.0
42079215504,1152.0
09011713100,384.0
36081025700,384.0
36047114201,256.0
29183311004,256.0
42055010100,256.0
36061022200,3274.0
36035970200,1280.0
36059406400,128.0
25015820900,256.0
34023001903,1.0
34023001901,269.0
25021415101,3456.0
25005644101,128.0
25025981201,384.0
42129806900,256.0
06037702102,256.0
25013812202,1408.0
39047925800,256.0
36111953400,384.0
42129807000,384.0
39061001000,384.0
09001010800,2688.0
09013840100,1024.0
24510160400,256.0
06037401312,256.0
44007000400,768.0
34017000400,27.0
36119007600,256.0
25025020101,0.0
36081162100,128.0
34017001202,156.0
09009141900,1024.0
06037183820,2944.0
06037197420,1536.0
36061024200,1.0
36071010400,384.0
21117061600,256.0
09009361500,768.0
25005653101,384.0
25005653102,640.0
20061000800,256.0
44005041702,1152.0
44005041701,3072.0
36081011500,384.0
34017013900,384.0
44009050301,2048.0
36071013500,896.0
09001010500,869.0
25005640800,256.0
44003020500,384.0
06037262501,384.0
25017358400,256.0
09007542000,512.0
36095740100,384.0
08031003202,896.0
06037271801,384.0
42003010300,384.0
36059411000,256.0
36025970100,1280.0
06037232700,384.0
36061021800,384.0
08013012507,384.0
08059010100,3200.0
34007602901,66.0
36081018300,438.0
36119011300,640.0
06059110012,256.0
09011705101,2816.0
09011705102,1920.0
25021402500,384.0
36005035800,3336.0
36061020000,165.0
36035970600,384.0
36081027100,512.0
36047025901,539.0
20197483100,640.0
25005612200,384.0
09011709100,384.0
25005631300,640.0
09009140400,2432.0
08015000200,1408.0
36119008200,512.0
42075002000,256.0
06037700200,640.0
36047066600,3200.0
42101008801,48.0
42101008802,225.0
36061002700,1024.0
27053005902,256.0
27053005901,640.0
34005702700,253.0
36085030301,87.0
09001021700,640.0
34013005700,384.0
06037239310,384.0
36047000301,1339.0
36005009000,256.0
09009184100,3200.0
27053111600,896.0
08031005104,2176.0
34003025100,512.0
42069100500,384.0
36061017000,384.0
25025080601,384.0
36005024000,256.0
25017324102,266.0
36021000401,256.0
06037195100,768.0
36061014200,384.0
08069002801,1152.0
06065043702,512.0
42079216600,640.0
36027210201,2688.0
36119005701,2560.0
42079217700,1152.0
39119911900,256.0
34039031500,384.0
25025060600,3072.0
06037270300,640.0
24510250103,128.0
34023006205,77.0
25025981501,1152.0
36081034700,1408.0
36061012800,1024.0
36047025300,1536.0
34023008504,512.0
34005700702,1.0
36103146800,384.0
36027050204,256.0
09001011000,1024.0
25025081400,384.0
10003000602,384.0
08031004505,384.0
25005610202,1792.0
39035124201,1152.0
42127960300,640.0
06037214400,384.0
44003022201,1408.0
06083002922,2130.0
34003050000,256.0
36081014100,512.0
17163502404,256.0
06037267100,384.0
25027732600,1.0
44007010600,2560.0
36057072100,256.0
08031002902,640.0
42017105507,85.0
50025967700,226.0
36061022500,1024.0
44007013201,384.0
44007013800,896.0
09001044200,2816.0
06037211122,640.0
06037602700,768.0
39047925900,384.0
42077002302,256.0
09011702100,2816.0
36047030700,173.0
36119008401,384.0
36047012700,897.0
36119008403,1280.0
36119008404,1204.0
27053006800,384.0
06037604100,384.0
42129804802,384.0
36059519400,128.0
39129021401,256.0
36039080600,512.0
24510060300,512.0
06037267800,640.0
47093006900,2048.0
25013810300,512.0
25017351300,256.0
08031001902,1792.0
36027220100,768.0
25017368400,512.0
25021404100,2048.0
44005041602,2176.0
36005046202,170.0
09011705200,3200.0
06037216900,768.0
39057280102,256.0
25021402400,512.0
36081017900,1025.0
25017383901,128.0
33013044200,356.0
09009351300,256.0
09001010600,256.0
06037601402,640.0
42101037900,0.0
44007017700,2048.0
36027080104,768.0
06037271100,256.0
34019010801,512.0
36005027900,384.0
34023009000,99.0
36005031000,128.0
34017013800,3518.0
44007011701,1792.0
24003740103,128.0
36081088400,512.0
42055010200,384.0
36081095400,256.0
17081051100,1920.0
25025010203,128.0
42101003300,384.0
25025110201,384.0
36041950400,3456.0
25025070800,1280.0
25005631200,2304.0
34021003001,589.0
34003053200,128.0
09009348124,1.0
09009348123,512.0
36061016300,256.0
06037224600,256.0
42009960500,256.0
36001014100,256.0
39049009372,256.0
39165032100,384.0
08031001302,256.0
06037207103,3072.0
24015031202,640.0
09009150200,768.0
36119010000,401.0
36093032602,256.0
36081032900,385.0
42101000801,1686.0
08005080400,1408.0
23019000200,2048.0
36119009703,1536.0
36119009702,128.0
06037301601,158.0
39049009751,256.0
44007002800,1024.0
36061027100,1588.0
08031008312,896.0
08031005200,1920.0
08013013202,640.0
39089756201,384.0
06037224700,256.0
06037213100,256.0
44007015500,256.0
06037214501,2432.0
36119011200,512.0
25025110401,256.0
09003502100,1336.0
36021000700,2176.0
06037464000,1536.0
42101019800,221.0
36079010200,1280.0
27053107000,256.0
36047042200,384.0
42069102800,256.0
06037701304,256.0
36093033300,512.0
25021400100,768.0
42009960900,896.0
44007013702,90.0
09013530600,128.0
34023006103,46.0
36081010100,640.0
36081091800,512.0
36005009800,640.0
36111953600,512.0
25023510503,128.0
36057072800,1152.0
33011002100,452.0
09001080400,3456.0
17081050300,256.0
36005023800,384.0
25017368200,640.0
20045001400,256.0
36061019100,1152.0
25015822300,512.0
18025952100,896.0
36047079400,384.0
44003022300,3179.0
36027060100,384.0
44003021901,512.0
06065044404,1280.0
06065044405,3328.0
09009150800,2569.0
25027732500,74.0
08031002801,512.0
34013006700,34.0
08031002802,1024.0
25021403100,1280.0
42101018002,772.0
36005009300,2048.0
08059010901,1152.0
08059010902,1408.0
06111003605,1238.0
36061022400,1152.0
06037137201,1077.0
29189215143,256.0
36119012900,6.0
27053125900,640.0
06037221602,384.0
34023001100,1664.0
36111950100,3456.0
25013813802,640.0
36061003601,2561.0
17163503413,640.0
36047039700,512.0
20161000900,384.0
34003019202,384.0
34017017900,512.0
42107000400,1920.0
06037267901,512.0
09001090300,384.0
25013810200,512.0
36061024000,900.0
09001060200,768.0
25017351204,384.0
36081005200,1920.0
21041950300,256.0
36119015000,768.0
06065046800,256.0
36061023700,256.0
47009010302,128.0
36085002001,0.0
36085002002,466.0
25021402300,896.0
42017100105,128.0
47093003500,384.0
09003510600,2747.0
42111020800,256.0
36047009000,384.0
44009050102,896.0
44009050103,2688.0
39089757400,256.0
24025301302,512.0
42101037800,610.0
06037800102,896.0
08059009850,1280.0
06037208000,640.0
06065050900,256.0
09003514102,640.0
36119001401,256.0
21111007502,640.0
34003032202,256.0
06065043504,896.0
06065043503,896.0
42125731000,640.0
08059060400,256.0
25017373300,512.0
36085025100,0.0
36027050103,384.0
06037601700,384.0
42101007400,384.0
36081018101,512.0
36059520001,256.0
11001005900,640.0
36119004700,81.0
34039030900,770.0
06071012700,256.0
20105086100,1280.0
25017352400,640.0
34017002700,256.0
42111020700,384.0
08069002802,1024.0
08069002803,1920.0
34017020100,151.0
36047002901,896.0
08001008402,2176.0
34003053100,128.0
09001210500,1152.0
36061016001,384.0
42107002900,1536.0
36061017200,256.0
25027736500,1024.0
39049009740,384.0
25021418200,384.0
36005046201,1794.0
06037183103,768.0
09009150100,768.0
36059303800,128.0
36111953300,3328.0
44001030800,384.0
24033800411,256.0
36047036700,2652.0
36103122603,256.0
42009960800,256.0
36071015200,1280.0
08005080500,1152.0
42075002300,384.0
23019000300,768.0
36059407102,128.0
06037209200,256.0
25025000100,384.0
36081035700,0.0
20177003901,256.0
42103950601,384.0
25013812500,256.0
42103950605,256.0
34003032201,256.0
06037214600,2560.0
36119011101,514.0
42103950501,384.0
36081013700,384.0
36061026500,0.0
36021001500,768.0
44005040103,896.0
36079010100,640.0
36119005500,1729.0
09007680200,2103.0
36061029900,257.0
06037265700,640.0
09001043500,2818.0
09001074400,3584.0
36005050400,3561.0
08059009849,1920.0
25017354900,2944.0
25017374500,2048.0
44009050901,2048.0
36061011203,2816.0
36061011202,1936.0
25027758101,2560.0
25005645102,2432.0
25017350800,3379.0
09011693300,2048.0
36061021600,2176.0
36081090700,2688.0
36061000600,2449.0
34017007700,3156.0
36081043900,3285.0
36005001900,2432.0
08047013800,3584.0
08005081000,3200.0
09009184700,2816.0
36047004500,2048.0
36005035600,2176.0
36071013100,3584.0
23019026500,2304.0
36081029700,1920.0
36047050700,2048.0
36047052700,2560.0
08073961700,2304.0
36027070101,3200.0
09011705400,3584.0
36119006500,2259.0
36103159106,3507.0
44007010900,1920.0
06037185310,2432.0
08015000401,2688.0
29053950500,3200.0
34017013400,3046.0
08001008309,2048.0
36005019400,2408.0
44003020904,2356.0
44009051502,3456.0
06037187300,2304.0
09009154700,2560.0
36081020800,2816.0
09011716102,3584.0
08043979000,3072.0
36071014900,2304.0
36071013900,1920.0
27053108000,2816.0
36047040700,2176.0
06037192520,2522.0
36081037100,2969.0
06083000900,2227.0
36047057900,2601.0
23019021500,2048.0
08013013702,2432.0
36079010700,2048.0
36119010701,3020.0
08031004106,2688.0
08031004102,2816.0
25005651002,2816.0
33009961700,3235.0
34039035800,3436.0
09001210300,1888.0
36119007300,2432.0
36061006400,2688.0
25009254301,2560.0
09001021400,2048.0
09001010101,3513.0
36021001300,1920.0
09001050400,1829.0
09009150600,2592.0
36081038302,2131.0
08001008100,3328.0
08031004006,2944.0
36025971100,2048.0
09001022300,2688.0
36061000202,2688.0
09001060700,2391.0
09009194202,3405.0
36027200001,2304.0
09001011300,3072.0
25017374800,2048.0
09005262100,2176.0
36047050900,2560.0
36061011700,3588.0
06037460301,3200.0
36047020700,3072.0
09001030200,2048.0
06037214700,1920.0
09009142603,2944.0
44009050500,3328.0
34023006500,1872.0
36035970300,2944.0
34039034500,3248.0
33011014202,2462.0
44009051101,1920.0
36119007000,1920.0
06037310601,2898.0
36047006500,3575.0
29107090601,2176.0
36119013103,2686.0
36061022800,2304.0
09009184500,2176.0
36027060400,2512.0
08031002601,2432.0
36047049400,2688.0
06037300901,2560.0
36061030700,2700.0
44009050402,2176.0
36095740400,2048.0
09009150300,3456.0
25005631600,2560.0
09009184200,2432.0
47093004609,1920.0
36119006100,2188.0
09011870703,2944.0
09011870704,1920.0
09011696700,2349.0
25027751101,1920.0
36027070401,2048.0
09009157100,1920.0
09001070900,1920.0
09001044100,2560.0
44007000200,2271.0
44001030902,2432.0
06037191302,2432.0
50025968600,2701.0
25003914100,2304.0
08031003402,2432.0
42101032500,1834.0
06037930101,2432.0
36081096400,3072.0
06111005503,2222.0
44007002300,2130.0
36119006000,3200.0
20193953400,3456.0
36047054500,2250.0
09001011200,2688.0
11001006202,2048.0
36081017100,2304.0
36047028502,2560.0
08031003500,2304.0
36021002000,1920.0
42127960200,2048.0
09009154600,2176.0
25009210100,2816.0
36111953700,2048.0
36061020102,2432.0
06037461902,2304.0
20053086700,2816.0
34003012001,3328.0
36093021001,2048.0
09001011100,2432.0
36061022200,3274.0
25021415101,3456.0
09001010800,2688.0
06037183820,2944.0
44005041701,3072.0
44009050301,2048.0
08059010100,3200.0
09011705101,2816.0
09011705102,1920.0
36005035800,3336.0
09009140400,2432.0
36047066600,3200.0
09009184100,3200.0
08031005104,2176.0
36027210201,2688.0
36119005701,2560.0
25025060600,3072.0
06083002922,2130.0
44007010600,2560.0
09001044200,2816.0
09011702100,2816.0
47093006900,2048.0
25021404100,2048.0
44005041602,2176.0
09011705200,3200.0
44007017700,2048.0
34017013800,3518.0
17081051100,1920.0
36041950400,3456.0
25005631200,2304.0
06037207103,3072.0
23019000200,2048.0
08031005200,1920.0
06037214501,2432.0
36021000700,2176.0
09001080400,3456.0
44003022300,3179.0
06065044405,3328.0
09009150800,2569.0
36005009300,2048.0
36111950100,3456.0
36061003601,2561.0
42107000400,1920.0
36081005200,1920.0
09003510600,2747.0
44009050103,2688.0
08069002803,1920.0
08001008402,2176.0
36111953300,3328.0
36047036700,2652.0
06037214600,2560.0
09007680200,2103.0
09001043500,2818.0
36047053700,7789.0
39035103300,24064.0
39061024002,4480.0
36119008602,9344.0
36061008601,64309.0
44009051306,26240.0
36077590100,55808.0
08063962200,3840.0
36061007000,10791.0
36061001502,49124.0
36061001501,37140.0
36047013900,21634.0
36081091601,5504.0
42003020300,4096.0
06037463700,30592.0
44009051503,6656.0
44009051504,6144.0
39035980500,7424.0
06037980019,10496.0
36081021200,3720.0
27053980000,69888.0
44005040900,8704.0
23017966600,30542.0
25005651300,8960.0
36061010400,58764.0
36061011201,22384.0
36061000900,5248.0
25017357100,4026.0
36061003900,29877.0
06083002913,20797.0
36061009700,47041.0
25005641000,6784.0
34023008503,5165.0
36061014500,63886.0
36021000900,17408.0
44007001000,39296.0
36061012900,14318.0
36081117500,32776.0
47009011503,46336.0
08051963700,18560.0
36061004100,62035.0
36021001400,4608.0
36061008100,15234.0
08031003800,26081.0
25017353101,5888.0
44007016600,30976.0
36047052300,79589.0
27053104800,31616.0
25017353200,11904.0
44005040400,7168.0
25015821903,5376.0
36061025700,8376.0
06037702501,5504.0
08031015300,6016.0
36061002601,23161.0
36061005502,9344.0
36061005501,4992.0
44009050700,14464.0
44003020800,7808.0
36047003500,47744.0
25017354000,26586.0
08031004304,23424.0
08031004306,4224.0
08031004301,80679.0
08031004302,31232.0
08031004303,6016.0
36047000100,55253.0
42101016500,72846.0
36061003602,13568.0
36047050804,12855.0
44007014100,26496.0
36047008400,33792.0
36047024100,53352.0
36001000404,6400.0
08031003300,13952.0
44007001900,22912.0
42107000300,11392.0
36081040100,19968.0
36061003001,51396.0
36061003002,4780.0
27053105201,11008.0
39061024400,48000.0
27053103600,25344.0
36061009400,61586.0
08051963600,73472.0
44007015200,24832.0
36061004000,77715.0
36027100000,15744.0
08031003902,5888.0
08031003901,5504.0
36061015700,5760.0
44007016500,9216.0
06037273902,13184.0
36039081101,10368.0
36039081102,15104.0
08059009848,4864.0
51013980200,10752.0
25017353102,25856.0
36061016900,25344.0
08015000402,20736.0
09007670100,11008.0
36061017500,63616.0
36061012500,56211.0
36119000900,42456.0
09007541700,75008.0
36079010800,5632.0
36061002500,3712.0
37119980100,29056.0
06059062614,56320.0
06037195710,11136.0
36061008400,7552.0
36047018700,11264.0
36061015100,5632.0
36047016300,20700.0
42101980400,12928.0
36081033100,65210.0
36061007900,38317.0
08031003003,31420.0
09001060800,6136.0
42101001101,30315.0
27053105600,22144.0
36047049900,6144.0
42101000401,65965.0
42101000402,9192.0
36061024100,8320.0
36047056500,74816.0
08005004952,11392.0
44007003400,33280.0
39061026500,63232.0
42079216900,46336.0
36027150003,20608.0
36061012700,17664.0
23019000900,5120.0
36061004900,70657.0
36047014300,5249.0
06037214800,34304.0
44007016400,38528.0
25005655200,4736.0
27053007700,18432.0
24031704804,47104.0
09011693400,5384.0
44007000300,26368.0
09011716101,5374.0
25017353000,14464.0
36047024900,11904.0
36061001200,4992.0
08013013701,11264.0
36047054900,56321.0
25025080801,12032.0
25005652000,7680.0
36061002400,16129.0
09001030400,5760.0
36047042900,81284.0
36047003700,9088.0
08031004107,40405.0
08031004101,9472.0
44007000700,35072.0
36047028900,4353.0
36025971000,17664.0
36061015002,13952.0
25025000803,15882.0
09011870300,5760.0
36047053100,4230.0
08031003102,22528.0
36061003200,84408.0
36047050100,43953.0
25017363104,62442.0
44007002400,6272.0
25009254302,47360.0
06037207302,5632.0
36047052500,15398.0
36047049100,27986.0
36027010000,7296.0
25015822200,4480.0
34039035400,83461.0
09015900100,6362.0
25021414100,4224.0
34003013001,4352.0
09009190200,7930.0
25017353700,16502.0
42101002702,60255.0
36061001300,14848.0
08013013602,11520.0
20167973900,50816.0
36047021500,9344.0
36079010600,6784.0
34003001000,5888.0
06037190700,28471.0
09009154500,4066.0
08005006858,14592.0
25021415300,4842.0
36061013900,25528.0
36047057100,65950.0
06037207400,44921.0
08031004005,9856.0
36081000200,26752.0
36061024500,4096.0
36047016100,11009.0
25005651900,4352.0
25005646104,4608.0
09001080800,4017.0
36047015900,78406.0
36081018700,55257.0
36061003300,44684.0
42101001700,43646.0
36081088901,10240.0
44007002500,36358.0
25017335100,17263.0
36047123700,80402.0
36061006300,83128.0
36061000800,5109.0
36047007700,40975.0
09009194201,6912.0
36047000700,12172.0
36061031703,23905.0
36047026700,5555.0
36061013700,50719.0
44009050600,9856.0
09001010201,11411.0
36057072500,21888.0
36047152200,9728.0
09001020100,7552.0
36103159510,11008.0
36061009200,83226.0
09011702400,3841.0
36047024700,61392.0
44007000900,43264.0
42101013200,3920.0
08015000300,12032.0
44007012200,7808.0
34013980200,19594.0
36047051500,70912.0
36027140801,35951.0
36061008000,78179.0
36081000100,44032.0
36047050300,22016.0
36047053900,28707.0
25005651800,14464.0
36061007400,8751.0
08031002702,7494.0
36061004200,77201.0
44007011301,4480.0
09001022200,5508.0
09011690500,5381.0
36061007300,37319.0
25017361300,22009.0
36047019100,21306.0
36061015900,7040.0
42003090200,38912.0
06037700700,32896.0
25017365201,52160.0
36047049700,17964.0
09009194100,4224.0
36047011900,54656.0
36005042600,38886.0
44005041300,17792.0
36111954000,3840.0
36047004300,29502.0
06037217100,5376.0
36061017100,41856.0
36047047700,16512.0
47093000100,44416.0
25015820300,63232.0
36039080202,73856.0
36061004300,20214.0
36061025300,5760.0
36061018100,4864.0
34021004301,3658.0
09007680100,7296.0
26163985400,8960.0
42101014400,18913.0
23019000700,12288.0
39035103602,12160.0
36039081000,33280.0
09005261100,40576.0
36047039100,81408.0
08031001600,4736.0
34039031300,7060.0
34039031904,67573.0
27053105204,5248.0
36047059300,61312.0
36047042700,32128.0
25005651700,34432.0
36047003900,13824.0
44007003100,79360.0
36061007500,7680.0
36061006100,24557.0
36061001800,86005.0
42107002500,5120.0
36005027600,9127.0
09011660102,9556.0
09011660101,7168.0
08031000600,8192.0
36047018501,19356.0
36047056300,35247.0
44007000102,13952.0
36027210101,6016.0
25005652600,32768.0
44007010200,9088.0
25009253202,22912.0
42077006703,56704.0
36061005000,20970.0
44009050401,7292.0
36047000900,38961.0
34017012700,75323.0
36047028700,49994.0
08031003701,64000.0
08031003703,16384.0
08031003702,45824.0
09001043100,8064.0
42101000902,64128.0
36039080300,34304.0
36061009000,4608.0
36061008200,16000.0
21015980100,25728.0
36047012901,38016.0
09001070600,7168.0
36027160003,3840.0
36047054300,39098.0
27053012101,13312.0
36061020300,63616.0
36081000700,34228.0
44007016100,12928.0
09007541600,60288.0
08031001702,6159.0
08031001701,36992.0
06037123103,5637.0
36061020500,9216.0
08019014700,6016.0
25025070200,13008.0
36061006000,8829.0
09001050500,6786.0
47009980100,6528.0
09009151200,4481.0
06037206200,10496.0
36047049500,64768.0
09011690700,5120.0
25017361100,51468.0
36047048100,44288.0
25017352900,15104.0
36061001001,3968.0
27053126200,19968.0
36061000500,5632.0
36047012100,53760.0
36061014900,32379.0
42107002600,15232.0
06037191301,8249.0
36047054700,4352.0
36047016700,13312.0
36119985000,16128.0
36061009100,55298.0
06037800506,5376.0
36061011402,3840.0
20169000200,4992.0
36025970700,43648.0
36047001500,24810.0
36047050400,4608.0
36041950300,10112.0
36061006900,62863.0
36111952600,3712.0
25017362100,28491.0
36047021900,7936.0
36061002100,58589.0
42101000100,39310.0
25023524101,5120.0
27053104400,46464.0
36061008700,48257.0
44007003300,36352.0
36077590202,11520.0
08031004103,66025.0
09001043900,86278.0
36047042500,48640.0
36061013100,72687.0
36047003100,77142.0
09001050600,6528.0
08093000400,6656.0
06037195300,10880.0
39035107802,5632.0
44007010400,6016.0
36047038900,76856.0
25025981300,51200.0
36061009800,4096.0
36047001100,71942.0
09011702700,7936.0
36081084602,25042.0
25017354200,5145.0
36061019900,6400.0
44003022000,9216.0
25017365100,15740.0
47093005701,9216.0
25017351100,78034.0
50025968700,4349.0
36047043100,50176.0
36103147200,4352.0
06037702002,7808.0
36061009600,11585.0
06037311100,36343.0
25005630200,3840.0
36047002300,10624.0
23019029000,9856.0
36047044900,72833.0
09011705300,6663.0
09009130101,4038.0
36061012200,10624.0
08031002701,16487.0
44003980000,6656.0
36047050500,81024.0
36061020101,14336.0
36047013700,24704.0
08031001102,24192.0
36047017900,50643.0
44009051400,10240.0
36047117400,21376.0
36061013000,4992.0
44007003200,5620.0
36081041500,8192.0
36061002900,22662.0
09011693700,4352.0
27123030100,20096.0
36047117800,9600.0
17081050500,57600.0
36111951700,4864.0
44003021100,15485.0
06037430801,4864.0
06037213201,4266.0
47093005604,40576.0
29183311003,4992.0
36047050801,42058.0
36061001600,34560.0
36047039500,16768.0
36061019300,58417.0
44003022100,20514.0
36061015300,3846.0
36047020500,29184.0
42003060300,5888.0
39035153103,3734.0
47093003700,46464.0
36061004700,71585.0
18061060300,5376.0
25009251700,7040.0
08031003201,19246.0
08031002000,8448.0
36047001300,14464.0
44007011600,3968.0
36047025902,40082.0
36041950500,7936.0
36061006700,6506.0
36047021100,6206.0
39035104200,23989.0
36061013300,24271.0
36061002800,56035.0
36071013600,4096.0
36047118201,16384.0
36047003300,19968.0
25025070101,70197.0
08093000200,3840.0
44003022202,5093.0
42017105505,13063.0
42101980900,27776.0
36047051900,69652.0
36061020901,10112.0
36061007600,81416.0
36061019200,7232.0
36047055100,73093.0
08031001901,7552.0
36061005600,19968.0
36119007700,13179.0
36081001900,40612.0
25015821400,8448.0
36047013100,40308.0
36061012000,16000.0
44007011702,5376.0
27053105500,73088.0
36047035200,10368.0
39035118700,6573.0
08031001301,5376.0
42101034801,36375.0
36047010100,40832.0
36061003700,60919.0
36047049300,18304.0
36047004100,16223.0
36061017300,5120.0
36061014300,40064.0
09003484100,6015.0
42079217600,9344.0
44007013701,4480.0
36061007800,33222.0
36047014900,76261.0
08031004403,14976.0
08093000100,3712.0
08031004405,60477.0
08031004404,13952.0
27053106200,9088.0
36047059100,9730.0
42101036600,63757.0
25013813801,47591.0
36081027900,15360.0
36061007700,81256.0
36061001402,33152.0
36061001401,62430.0
09007670200,5632.0
25005631100,4480.0
25017351203,82565.0
36081008600,8564.0
25003926100,7808.0
25021456200,9728.0
36061005700,32888.0
36081100802,54144.0
36119007800,3764.0
09001010700,3968.0
08117000300,28252.0
27053126100,43648.0
36047031702,79364.0
08031000402,25600.0
27053103900,25344.0
36047045300,23296.0
09009140200,11392.0
25025110103,9088.0
08019014800,6400.0
36047021300,70326.0
06037195720,5314.0
36061003800,47019.0
25025030300,7808.0
24031705000,20608.0
36061013500,7040.0
36047000501,5632.0
36047000502,8576.0
44007002900,5888.0
36047024300,74723.0
06037461700,5504.0
36047028300,10104.0
36061000700,7422.0
36047042300,131072.0
44009051305,95104.0
36047018100,145938.0
27053104900,204032.0
36047051700,148802.0
36047030500,397450.0
36047055700,231001.0
36061005400,314633.0
08019014900,102016.0
36061010900,723590.0
36061010300,138048.0
33009960400,133436.0
36047039300,884352.0
36061007100,111962.0
36047020300,102724.0
39061000700,129792.0
36061010100,505264.0
36103147004,170240.0
36061011300,4142938.0
36047002100,196925.0
36061005200,218598.0
08031980000,189619.0
36047018300,335413.0
36047048500,112514.0
08031004201,301312.0
08031004202,2518912.0
44007000600,292977.0
36061009500,114283.0
36061003100,88048.0
36039080402,86912.0
36047020100,1968112.0
36039080502,643072.0
36047019300,635226.0
36047023100,8053942.0
36081071600,204497.0
36047058900,659585.0
44007000800,1524272.0
09007541500,98816.0
25017353800,97789.0
36061008900,474240.0
44007003700,15690112.0
06037980028,135680.0
36061006500,134733.0
36047055500,127224.0
36061004400,123227.0
36061005800,93499.0
44007003602,1665425.0
44007003601,2600900.0
36047056100,361049.0
36061006200,176121.0
36061009300,145024.0
36047057300,241622.0
36061008300,106215.0
25017360200,155490.0
36047051300,113218.0
27053003800,213376.0
36047019900,410709.0
36061011500,821681.0
06037197410,115200.0
36047022700,1678103.0
36047019700,524036.0
36047023500,87354.0
36061001002,129841.0
36061004500,134444.0
36047022900,688538.0
36047055300,242224.0
36047028501,124928.0
06037197500,111977.0
36047051100,131971.0
08117000200,225008.0
36061009900,826322.0
36061012100,1158097.0
36047017700,121856.0
08031003203,153767.0
36061011100,900291.0
36047056900,374641.0
23019030000,101120.0
06037460800,205568.0
36047057500,112151.0
36047024500,98720.0
06037701000,174848.0
44007001300,112896.0
44007001200,180096.0
36047019500,197120.0
36047023300,702212.0
44007003500,106240.0
39035107701,117120.0
36061011900,1140619.0
44007001100,207616.0
